AM,grade,Grad year
101,7,2011
102,6,2015
103,5,2018
104,5,2018
105,6,2018
106,10,2017
107,8,2019
108,7,2017
109,6,2019
110,7,2016
111,9,2015
112,9,2014
113,6,2013
114,5,2011
115,6,2013
116,5,2013
117,8,2010
118,7,2016
119,8,2014
120,7,2018
121,8,2016
122,7,2018
123,9,2019
124,6,2016
125,9,2016
126,6,2018
127,7,2020
128,8,2014
129,5,2016
130,5,2016
131,7,2014
132,9,2015
133,10,2018
134,5,2017
135,7,2013
136,8,2016
137,5,2013
138,7,2013
139,8,2018
140,6,2012
141,9,2012
142,8,2014
143,8,2016
144,6,2012
145,9,2011
146,5,2011
147,9,2013
148,7,2016
149,7,2018
150,7,2019
151,9,2021
152,7,2014
153,7,2011
154,7,2016
155,8,2013
156,9,2012
157,7,2017
158,5,2018
159,6,2012
160,8,2014
